https://www.coursera.org/specializations/data-structures-algorithms	Data Structures and Algorithms – специализация на Coursera;
http://ocw.mit.edu/courses/electrical-engineering-and-computer-science/6-046j-introduction-to-algorithms-sma-5503-fall-2005/	MIT 6.046J Introduction to Algorithms – teaches techniques for the design and analysis of efficient algorithms, emphasizing methods useful in practice;
https://bost.ocks.org/mike/algorithms/	Visualizing Algorithms;
https://ru.m.wikibooks.org/wiki/Реализации_алгоритмов	Реализации алгоритмов.
http://www.jetbrains.com/pycharm/	:small_blue_diamond: PyCharm от JetBrains - серьезная IDE для больших проектов;
https://pythonhosted.org/spyder/	Spyder – the Scientific PYthon Development EnviRonment. Spyder входит в Анаконду (просто введите `spyder` в командной строке);
https://store.enthought.com/downloads/#default	Canopy — scientific and analytic Python deployment with integrated analysis environment (рекомендуют в курсе MITx);
http://blog.yhat.com/posts/introducing-rodeo.html	Rodeo — a data science IDE for Python;
http://jupyter.org	:small_blue_diamond: Jupyter – open source, interactive data science and scientific computing across over 40 programming languages. The Jupyter Notebook is a web application that allows you to create and share documents that contain live code, equations, visualizations and explanatory text;
http://nbviewer.jupyter.org	nbviewer – renders notebooks available on other websites;
http://www.sublimetext.com/3	:small_blue_diamond: Sublime Text 3 - VIM XXI века*;, отлично подходит для python, если использовать вместе с плагинами:
https://packagecontrol.io/	+  Package Control - для быстрой и удобной работы с дополнениями;
https://packagecontrol.io/packages/Git	+  Git - для работы с git;
https://packagecontrol.io/packages/Jedi%20-%20Python%20autocompletion	+  Jedi - делает автодополнения для Python более умными и глубокими;
https://packagecontrol.io/packages/SublimeREPL	+  SublimeREPL - запускает `Read-eval-print loop` в соседней вкладке, удобно для пошаговой отладки кода;
https://packagecontrol.io/packages/AutoPEP8	+  Auto-PEP8 - приводит код в соответствие с каноном стиля *pep8*;
https://packagecontrol.io/packages/Python%20Checker	+  Python Checker - проверка кода.
https://opensourcehacker.com/2015/05/02/pycharm-vs-sublime-text/	PyCharm vs Sublime Text – a blog post comparing these two popular development tools and text editors.
https://www.python.org/dev/peps/pep-0008/	PEP 0008 -- Style Guide for Python Code. Важно, нужно.
https://www.kaggle.com/datasets	:small_blue_diamond: Kaggle;
https://cloud.google.com/bigquery/public-data/	Google’s Public Data Sets;
https://www.reddit.com/r/datasets	/r/datasets;
http://archive.ics.uci.edu/ml/	UCI Machine Learning Repository;
https://github.com/caesar0301/awesome-public-datasets	awesome-public-datasets – an awesome list of high-quality open datasets in public domains (on-going).
http://scikit-learn.org/stable/modules/tree.html	Урок про Desicion Trees на scikit-learn.org;
http://www.machinelearning.ru/wiki/images/9/97/Voron-ML-Logic-slides.pdf	Логические алгоритмы классификации – К. В. Воронцов;
https://github.com/esokolov/ml-course-msu/blob/master/ML15/lecture-notes/Sem04_trees.pdf	Семинары по решающим деревьям – Е. Соколов.
http://machinelearningmastery.com/how-to-tune-algorithm-parameters-with-scikit-learn/	How to Tune Algorithm Parameters with Scikit-Learn;
http://miguelmalvarez.com/2015/02/23/python-and-kaggle-feature-selection-multiple-models-and-grid-search/	Python and Kaggle: Feature selection, multiple models and Grid Search;
http://www.scipy-lectures.org/packages/scikit-learn/#grid-search-and-cross-validated-estimators	Grid search and cross-validated estimators на scipy-lectures.org;
http://scikit-learn.org/stable/modules/grid_search.html#grid-search	Документация по модулю Grid Search на scikit-learn.org
https://github.com/esokolov/ml-course-msu/blob/master/ML15/lecture-notes/Sem10_linear.pdf	Подробнее о логистической регрессии и предсказании вероятностей с ее помощью;
https://github.com/esokolov/ml-course-msu/blob/master/ML15/lecture-notes/Sem05_metrics.pdf	Семинары по выбору моделей и критериев качества.
https://github.com/esokolov/ml-course-msu/blob/master/ML15/lecture-notes/Sem07_linear.pdf	Подробнее о градиентах и градиентном спуске;
http://www.apmath.spbu.ru/ru/staff/grigorieva/mfk.pdf	Методичка по методам спуска и градиентам;
https://www.youtube.com/watch?v=qlLChbHhbg4&feature=youtu.be&list=PLkt2uSq6rBVctENoVBg1TpCC7OQi31AlC&t=50m16s	Объяснение градиента (видео) от Andrej Karpathy, отрывок из лекции курса CS231n.
http://www.machinelearning.ru/wiki/images/7/7e/Sem03_ensembles_2014.pdf	Подробнее о градиентном бустинге и особенностях его применения к деревьям;
http://www.ccs.neu.edu/home/vip/teach/MLcourse/4_boosting/slides/gradient_boosting.pdf	Ещё о выводе градиентного бустинга для регрессии и классификации.
http://cs.gmu.edu/~kosecka/cs803/soft-kmeans.pdf	Soft K-means – коротко, строго и одновременно понятно.
http://cs229.stanford.edu/notes/cs229-notes3.pdf	Вывод SVM - Заметки оригинального стэнфордского курса Andrew Ng;
http://statistica.ru/local-portals/data-mining/metod-opornykh-vektorov/	Метод опорных векторов.
http://www.ccas.ru/voron/download/NeuralNets.pdf	Лекции по искусственным нейронным сетям — К. В. Воронцов;
http://www.deeplearningbook.org	Deep Learning - Ian Goodfellow, Yoshua Bengio, and Aaron Courville (2016);
http://neuralnetworksanddeeplearning.com/index.html	Neural Networks and Deep Learning – ещё одна бесплатная онлайн-книга.
https://github.com/d3/d3/wiki/Gallery	d3.js
http://www.jscharts.com/	JS Charts – a JavaScript based chart generator that requires little or no coding. With JS Charts drawing charts is a simple and easy task, since you only have to use client-side scripting
http://www.lutanho.net/	LT Diagram Builder
http://www.flotcharts.org/	Flot – a pure JavaScript plotting library for jQuery, with a focus on simple usage, attractive looks and interactive features
http://www.ajaxline.com/10-best-free-javascript-charts-solutions	http://www.ajaxline.com/10-best-free-javascript-charts-solutions
http://webtecker.com/2008/06/12/10-free-chart-scripts/	http://webtecker.com/2008/06/12/10-free-chart-scripts/
http://teethgrinder.co.uk/open-flash-chart-2	http://teethgrinder.co.uk/open-flash-chart-2
http://zelmanov.ptep-online.com/ctan/lshort_russian.pdf	Не очень краткое введение в LateX (PDF),
http://www.texstudio.org/](http://www.texstudio.org/	http://www.texstudio.org/,
https://www.lyx.org/](https://www.lyx.org/	https://www.lyx.org/,
https://www.coursera.org/course/latex	Курс по LateX на Coursera от Высшей Школы Экономики*,
https://vk.com/hse.latex](https://vk.com/hse.latex	https://vk.com/hse.latex – группа курса vk  (много полезного и разного).
https://www.coursera.org/course/latex	На данный момент (март'16) на курс невозможно записаться. По словам организаторов, проблема на стороне Coursera и, скорее всего, связана с переводом курса на новый формат._
https://www.google.ru/search?q=latex&num=50&newwindow=1&client=safari&rls=en&source=lnms&tbm=isch&sa=X&ved=0ahUKEwio6Oasw83LAhUICpoKHej6B7EQ_AUIBygB&biw=1440&bih=839	**Совет:** Не ищите картинки по Латеху.
https://stepic.org/course/Linear-Algebra-Problems-and-Methods-79/syllabus	Курс по линейной алгебре на stepic
https://www.coursera.org/course/linalg](https://www.coursera.org/course/linalg	https://www.coursera.org/course/linalg
https://www.youtube.com/playlist?list=PLGqzsq0erqU7w7ZrTZ-pWWk4-AOkiGEGp	Принстон
http://dshinin.ru/Upload_Books2/Books/2008-07-15/200807152203201.PDF](http://dshinin.ru/Upload_Books2/Books/2008-07-15/200807152203201.PDF	http://dshinin.ru/Upload_Books2/Books/2008-07-15/200807152203201.PDF
https://www.youtube.com/playlist?list=PL06960BA52D0DB32B	Бойд
https://www.youtube.com/playlist?list=PLbMVogVj5nJQ2vsW_hmyvVfO4GYWaaPp7](https://www.youtube.com/playlist?list=PLbMVogVj5nJQ2vsW_hmyvVfO4GYWaaPp7	https://www.youtube.com/playlist?list=PLbMVogVj5nJQ2vsW_hmyvVfO4GYWaaPp7
http://immersivemath.com/ila/index.html	immersive linear algebra – online linear algebra book with fully interactive figures;
https://www.coursera.org/course/linalg	Линейная алгебра от ВШЭ. Курс линейной алгебры для нематематических факультетов, подходит «для быстрого старта»;
http://ocw.mit.edu/courses/mathematics/18-06sc-linear-algebra-fall-2011/	MIT 18.06 Linear Algebra – by Professor Gilbert Strang
http://www.ccas.ru/voron/download/NeuralNets.pdf	Лекции по искусственным нейронным сетям — К. В. Воронцов;
https://stepic.org/s/eg4Xe6Ry	Нейронные сети на stepic — теоретические и практические основы искусственных нейронных сетей от Института Биоинформатики;
https://ulearn.azurewebsites.net/Course/AIML/	Искусственный интеллект и машинное обучение — приятные и качественные лекции по широкому набору тем. Один из немногих из источников на русском языке;
https://www.coursera.org/course/neuralnets	Neural Networks for Machine Learning. Цитата: «Я уже использовал фразу "живая легенда" и теперь испытываю сложности, поскольку как-то иначе охарактеризовать Джеффри Хинтона (человека, стоящего у истоков современных подходов к обучению нейросетей с помощью алгоритма обратного распространения ошибки) сложно. Курс у него получился отличный»;
http://neuralnetworksanddeeplearning.com/index.html	Neural Networks and Deep Learning – бесплатная онлайн-книга по нейросетям и глубинному обучению (:octocat: repo on github);
http://vision.stanford.edu/teaching/cs231n/	CS231n: Convolutional Neural Networks for Visual Recognition (:octocat: repo on github). During the 10-week course, students will learn to implement, train and debug their own neural networks and gain a detailed understanding of cutting-edge research in computer vision;
http://playground.tensorflow.org/	Tensorflow — Neural Network Playground – игрушечные нейросети в браузере (:octocat: исходный код);
https://github.com/kjw0612/awesome-rnn	awesome-rnn – awesome recurrent neural networks;
https://github.com/jacobandreas/nmn2	nmn2 – dynamically predicted neural network structures for multi-domain question answering.
https://github.com/weiliu89/caffe	Caffe – a fast open framework for deep learning;
http://www.deeplearningbook.org	Deep Learning - Ian Goodfellow, Yoshua Bengio, and Aaron Courville (2016);
https://www.udacity.com/course/deep-learning--ud730	Deep Learning от Google — короткий курс для продвинутых. Основное внимание уделяется библиотеке для глубинного обучения TensorFlow;
https://www.youtube.com/playlist?list=PLE6Wd9FR--EfW8dtjAuPoTuPcqmOV53Fu	Deep Learning at Oxford (2015) – a YouTube playlist with lectures (read more);
https://github.com/kjw0612/awesome-deep-vision	awesome-deep-vision – a curated list of deep learning resources for computer vision;
https://github.com/terryum/awesome-deep-learning-papers	awesome-deep-learning-papers – a curated list of the most cited deep learning papers (since 2010);
https://github.com/subokita/DeepLearningTutorials	Deep Learning Tutorials – notes and code;
https://github.com/saiprashanths/dl-docker	dl-docker – an all-in-one Docker image for deep learning. Contains all the popular DL frameworks (TensorFlow, Theano, Torch, Caffe, etc.);
https://developer.nvidia.com/deep-learning-courses	Self-Study Courses for Deep Learning от NVDIA — self-paced classes for deep learning that feature interactive lectures, hands-on exercises, and recordings of the office hours Q&A with instructors. You’ll learn everything you need to design, train, and integrate neural network-powered artificial intelligence into your applications with widely used open-source frameworks and NVIDIA software. During the hands-on exercises, you will use GPUs and deep learning software in the cloud;
https://github.com/carpedm20/deep-rl-tensorflow	deep-rl-tensorflow - ensorFlow implementation of Deep Reinforcement Learning papers;
https://github.com/sjchoi86/Tensorflow-101	TensorFlow 101 – Tensorflow tutorials;
https://github.com/rouseguy/scipyUS2016_dl-image	Introduction to Deep Learning for Image Recognition – this notebook accompanies the Introduction to Deep Learning for Image Recognition workshop to explain the core concepts of deep learning with emphasis on classifying images as the application;
https://www.dropbox.com/sh/b1c2ulwua9zy574/AACswS1E0IB9LdPDxQ6fexm4a?dl=0	Много книг по NLP (Natural Language Processing);
https://www.coursera.org/course/nlp	Natural Language Processing – курс от Stanford University на Coursera;
https://www.coursera.org/learn/nlpintro	Introduction to Natural Language Processing;
https://www.coursera.org/course/nlangp	Natural Language Processing – курс от Columbia University.
http://www.e-booksdirectory.com/details.php?ebook=3267	The Elements of Statistical Learning: Data Mining, Inference, and Prediction - T. Hastie, R. Tibshirani, J. Friedman;
https://www.openintro.org/stat/textbook.php	Openintro Statistics 3 (free);
http://www.nsu.ru/mmf/tvims/chernova/sibguti/tv-sibguti.pdf	Теория вероятностей – Чернова Н.И. (СибГУТИ, 2009);
http://www.nsu.ru/mmf/tvims/chernova/tv/tv_nsu07.pdf	Теория вероятностей – Чернова Н.И. (НГУ, 2007);
http://www.nsu.ru/mmf/tvims/chernova/ms/ms_nsu14.pdf	Математическая статистика – Чернова Н.И. (НГУ, 2014);
http://www.nsu.ru/mmf/tvims/chernova/sibguti/ms-sibguti.pdf	Математическая статистика – Чернова Н.И. (СибГУТИ, 2009);
http://www.ozon.ru/context/detail/id/18048756/	Прикладная математическая статистика – Кобзарь А.;
https://www.coursera.org/learn/modern-combinatorics	Современная комбинаторика от МФТИ, ведёт Райгородский А.М.;
https://www.coursera.org/learn/probability-theory-basics/home/info	Теория вероятностей для начинающих (также на OpenEdu) — курс от МФТИ, ведёт Райгородский А.М.;
https://www.coursera.org/learn/basic-statistics	Basic Statistics – хорошие лекции и квизы, идеально для новичков. Минус — недоработанные практические задания (_Labs_) на DataCamp, которые не помогают закрепить выученный материал, а, скорее, отвлекают от изучения статистики;
https://www.coursera.org/learn/probability-intro/home/welcome	Introduction to Probability and Data от Duke University;
https://www.khanacademy.org/math/probability	Probability and Statistics на KhanAcademy;
https://stepic.org/course/76	Основы статистики на stepic.org — качественное введение в статистику, на русском языке;
https://stepic.org/course/Основы-статистики-Часть-2-524	Основы статистики: часть 2 — курс продолжает знакомить слушателей с основными понятиями и методами статистики. Курс затронет такие темы как анализ номинативных данных, непараметрические критерии и методы понижения размерности;
https://www.edx.org/course/introduction-probability-science-mitx-6-041x-1	MITx: 6.041x Introduction to Probability - The Science of Uncertainty;
https://www.udacity.com/courses/st101	Intro to Statistics — covers visualization, probability, regression and other topics that will help you learn the basic methods of understanding data with statistics;
https://www.udacity.com/courses/ud827	Intro to Descriptive Statistics – подробный курс для новичков. This course will teach you the basic terms and concepts in statistics as well as guide you through introductory probability;
https://www.udacity.com/courses/ud201	Intro to Inferential Statistics – курс знакомит с базовыми понятиями индуктивной статистики (t-test, ANOVA, корреляция, регрессия и др.);
http://www.amazon.com/Introduction-Probability-Chapman-Statistical-Science/dp/1466575573/ref=pd_cp_14_1?ie=UTF8&refRID=0CF1J1X0J2JFR5JX7BYP	Introduction to Probability – Joseph K. Blitzstein (2014);
http://eu.wiley.com/WileyCDA/WileyTitle/productCd-1119186846,subjectCd-ST2A.html	Causal Inference in Statistics: A Primer – Pearl J., Glymour M.;
http://www-bcf.usc.edu/~gareth/ISL/	An Introduction to Statistical learning – Gareth James, D. Witten et. al;
https://vk.com/doc-44016343_199213512?hash=2ad697dae93b3fea0e&dl=4fa59572a2f58a3219	Machine Learning: A Probabilistic Perspective;
http://projects.iq.harvard.edu/stat110	Statistics 110: Probability – Гарвардский курс от Joseph K. Blitzstein;
https://speakerdeck.com/jakevdp/statistics-for-hackers	Statistics for Hackers — презентация о том, как можно использовать coding skills to "hack statistics".
http://hangtwenty.github.io/dive-into-machine-learning/	Dive into Machine Learning (:octocat: repo on github) with Python Jupyter notebook and scikit-learn;
http://re9ulus.github.io/2016/01/09/ipython-notebook/	Заметка по IPython Notebook;
https://winpython.github.io	WinPython – дистрибутив питона и научных библиотек (+Jupyter, +Spyder) для Windows 7/8/10 (:octocat: репозиторий на гитхабе);
https://github.com/Junnplus/awesome-python-books	awesome-python-books - Directory of Python books;
http://www.analyticsvidhya.com/blog/2014/09/data-munging-python-using-pandas-baby-steps-python/	Статья Data Munging in Python (using Pandas) — в помощь тем, кто в первый раз столкнулся с Python и/или Pandas;
https://github.com/lancelote/interpy-ru	Intermediate Python  — (переведённое на русский!) краткое онлайн-руководство по нюансам языка, мимо которых часто проходят новички (автор — Yasoob Khalid);
http://www.effectivepython.com/	Effective Python — книга от разработчика из Google;
https://github.com/Dyakonov/notebooks/blob/master/dj_sklearn_intro.ipynb	Введение в Sklearn — подробный IPython-notebook на русском языке;
http://www.labri.fr/perso/nrougier/teaching/matplotlib/matplotlib.html	Туториал по Matplotlib;
http://matplotlib.org/1.4.1/mpl_examples/color/named_colors.hires.png	Таблица названий цветов (png) в Python;
http://playittodeath.ru/анализ-данных-при-помощи-python-графики-в-pandas/	Анализ данных при помощи Python – большая статья про графики в pandas и matplotlib;
http://www.scipy-lectures.org/index.html	Scipy lecture notes — tutorials on the scientific Python ecosystem: a quick introduction to central tools and techniques;
https://github.com/ipython/ipython/wiki/A-gallery-of-interesting-IPython-Notebooks	Очень большой список интересных питоновских ноутбуков (от туториалов на три минуты, до целых книг (!) в таком формате);
https://github.com/donnemartin/data-science-ipython-notebooks	Data Science IPython Notebooks on Deep learning (TensorFlow, Theano, Caffe), scikit-learn, Kaggle, big data (Spark, Hadoop MapReduce, HDFS), matplotlib, pandas, NumPy, SciPy, Python essentials, AWS, and various command lines.
http://www.labri.fr/perso/nrougier/teaching/numpy.100/index.html	100 Numpy exercises. The goal is both to offer a quick reference for new and old users and to provide also a set of exercices for those who teach;
https://www.datacamp.com/courses/intro-to-python-for-data-science	Intro to Python for Data Science – основы Python и немного про NumPy;
https://github.com/Yorko/python_intro	Курс по основам Python, алгоритмам и структурам данных. Курс представлен в виде тетрадок IPython;
https://telegram.me/py_digest	@py_digest – канал в telegram, уведомляющий о последних новостях из мира Python;
https://pythonpedia.com/	Pythonpedia – энциклопедия ресурсов по программированию на Python;
https://blog.modeanalytics.com/python-data-visualization-libraries/	10 библиотек для визуализации данных на Python;
https://github.com/rhiever/tpot	tpot – A Python tool that automatically creates and optimizes machine learning pipelines using genetic programming;
https://pythonprogramming.net/data-analysis-tutorials/	Data Analysis Tutorials – Python Programming tutorials from beginner to advanced on a massive variety of topics. All video and text tutorials are free;
https://github.com/rasbt/python-machine-learning-book	The python-machine-learning-book code repository and info resource.
https://www.manning.com/books/r-in-action	R in Action;
https://www.coursera.org/learn/basic-statistics	Basic Statistics – в этом курсе практические задания на R;
http://www.youtube.com/playlist?list=PLlb7e2G7aSpSSa_PlFEwnd6-3gzAa08_m	Анализ данных на R в примерах и задачах — видеолекции от Computer Science Center;
http://adv-r.had.co.nz	Advanced R by Hadley Wickham – онлайн-книга для тех, кто хочет повысить свой навык программирования на R и лучше понять этот язык (в т.ч. для программистов на других языках);
http://bafflednerd.com/learn-r-online/	A detailed list of online courses on R;
http://rpackages.ianhowson.com/cran/mlr/	Machine Learning in R (:octocat: github repo) — Interface to a large number of classification and regression techniques, including machine-readable parameter descriptions;
https://habrahabr.ru/company/infopulse/blog/305692/	Лучшие пакеты для машинного обучения в R – статья на Хабрахабре.
https://www.coursera.org/learn/vvedenie-mashinnoe-obuchenie/	!header(/head.png)
http://www.machinelearning.ru/wiki/images/f/fc/Voron-ML-Intro-slides.pdf	Машинное обучение: вводная лекция – К. В. Воронцов;
http://www.machinelearning.ru/wiki/images/6/6d/Voron-ML-1.pdf	Математические методы обучения по прецедентам (теория обучения машин) – К. В. Воронцов;
https://github.com/esokolov/ml-course-msu	Репозиторий с конспектами, кодом и прочими материалами к семинарам по машинному обучению ВМК МГУ;
https://www.reddit.com/r/MachineLearning/comments/1jeawf/machine_learning_books/	Пост на reddit: Machine Learning Books;
http://www.learndatasci.com/free-books/	100+ Free Data Science Books – более 100 бесплатных книг по Data Science;
https://hackerlists.com/free-machine-learning-books/	16 Free Machine Learning Books — ещё 16 бесплатных книг по ML;
http://meta-guide.com/software-meta-guide/100-best-github-machine-learning	100 репозиториев по машинному обучению;
https://github.com/josephmisiti/awesome-machine-learning	awesome-machine-learning;
https://github.com/open-source-society/data-science	Open Source Society University's Data Science course – this is a solid path for those of you who want to complete a Data Science course on your own time, for free, with courses from the best universities in the World;
https://trello.com/b/rbpEfMld/data-science	Доска по data science в Trello — проверенные материалы, организованные по темам (expertise tracks, языки программирования, различные инструменты);
https://github.com/rushter/data-science-blogs	Блоги по датасаенс-тематике;
http://blog.talla.com/2016/02/people-tweeting-about-machine-learning-and-ai/	People tweeting about ML and AI — на кого подписаться в Твиттере;
https://www.dropbox.com/s/z4f9oer4nkyu9tf/MachineLearningResourceGuide.pdf	Machine Learning Resource Guide;
http://tproger.ru/articles/free-programming-books/#machine-learning	17 ресурсов по машинному обучению от Типичного Программиста;
https://www.quora.com/Data-Science/What-are-some-good-toy-problems-in-data-science/answer/Alex-Kamil	51 идея для тренировочных задачек (*toy data problem*) в Data Science;
http://hangtwenty.github.io/dive-into-machine-learning/	Dive into Machine Learning (:octocat: repo on github) with Python Jupyter notebook and scikit-learn;
http://www.itshared.org/2015/10/data-science-interview-questions.html	Data Science Interview Questions — огромный список вопросов для подготовки к интервью на позицию data scientist'а;
https://www.dropbox.com/sh/b1c2ulwua9zy574/AACswS1E0IB9LdPDxQ6fexm4a?dl=0	Много книг по NLP (Natural Language Processing);
http://www.reddit.com	Для фанатов reddit.com — полезные и весёлые сабреддиты(/reddit.md) по машинному обучению и смежным темам.
https://gist.github.com/demidovakatya/873e4dd6f1c6652ac842">Литература для поступления в ШАД</a> :small_orange_diamond: <a href="https://github.com/demidovakatya/mashinnoye-obucheniye/tree/master/mathematics-and-python">Рекомендации от преподавателей курса «Математика и Python»</a> :small_orange_diamond: <a href="https://bookmate.com/bookshelves/Nggk0rBi">Подборка научпоп-книг</a></p>	<p style="text-align: center;"><a href="https://gist.github.com/demidovakatya/873e4dd6f1c6652ac842">Литература для поступления в ШАД</a> :small_orange_diamond: <a href="https://github.com/demidovakatya/mashinnoye-obucheniye/tree/master/mathematics-and-python">Рекомендации от преподавателей курса «Математика и Python»</a> :small_orange_diamond: <a href="https://bookmate.com/bookshelves/Nggk0rBi">Подборка научпоп-книг</a></p>
http://www.springer.com/us/book/9781461468486	Applied Predictive Modeling – M. Kuhn, K. Johnson (2013);
http://web4.cs.ucl.ac.uk/staff/D.Barber/textbook/181115.pdf	Bayesian Reasoning and Machine Learning - D.Barber (2015);
http://www.springer.com/us/book/9780857292865	Core Concepts in Data Analysis: Summarization, Correlation and Visualization - Boris Mirkin;
http://www.e-booksdirectory.com/details.php?ebook=9395	A Course in Machine Learning - Hal Daumé III (another link);
http://www.sciencedirect.com/science/book/9780123814791	Data Mining: Concepts and Techniques - Jiawei Han et. al.;
http://www.cs.rpi.edu/~zaki/PaperDir/DMABOOK.pdf	Data Mining and Analysis. Fundamental Concepts and Algorithms - M.J.Zaki, W.Meira Jr (2014);
https://www.geekbooks.me/book/view/data-science-for-dummies	Data Science For Dummies – Lillian Pierson (2015);
http://shop.oreilly.com/product/0636920028529.do	Doing Data Science;
https://mail.google.com/mail/u/1/#inbox/1536859aae027538	Frequent Pattern Mining - Charu C Aggarwal, Jiawei Han (eds.);
http://www.e-booksdirectory.com/details.php?ebook=1774	Gaussian Processes for Machine Learning - Carl E. Rasmussen, Christopher K. I. Williams;
http://www.e-booksdirectory.com/details.php?ebook=1105	Inductive Logic Programming: Techniques and Applications - Nada Lavrac, Saso Dzeroski;
http://www.inference.phy.cam.ac.uk/itila/book.html	Information Theory, Inference and Learning Algorithms – David MacKay;
http://www.e-booksdirectory.com/details.php?ebook=1117	Introduction To Machine Learning - Nils J Nilsson (1997);
http://1.oito.eu/The-LION-Way-Machine-Learning-plus-Intelligent-Optimization.pdf	The LION Way Machine Learning plus Intelligent Optimization (pdf);
http://personal.disco.unimib.it/Vanneschi/McGrawHill_-_Machine_Learning_-Tom_Mitchell.pdf	Machine Learning - Tom Mitchell;
http://www.mlyearning.org/	Machine Learning – Andrew Ng;
http://www.e-booksdirectory.com/details.php?ebook=1118	Machine Learning, Neural and Statistical Classification - D. Michie, D. J. Spiegelhalter;
http://www.amazon.com/Machine-Learning-Science-Algorithms-Sense/dp/1107422221/	Machine Learning. The Art of Science of Algorithms that Make Sense of Data - P. Flach (2012);
https://github.com/soulmachine/machine-learning-cheat-sheet/raw/master/machine-learning-cheat-sheet.pdf	Machine learning cheat sheet - soulmachine (2015);
http://www.amazon.com/Pattern-Recognition-Learning-Information-Statistics/dp/0387310738/	Pattern Recognition and Machine Learning - C.M.Bishop (2006);
https://www.manning.com/books/machine-learning-in-action	Machine Learning in Action - Peter Harrington;
http://camdavidsonpilon.github.io/Probabilistic-Programming-and-Bayesian-Methods-for-Hackers/	Probabilistic Programming and Bayesian Methods for Hackers (free);
https://www.manning.com/books/r-in-action	R in Action;
http://www.e-booksdirectory.com/details.php?ebook=1825	Reinforcement Learning: An Introduction - Richard S. Sutton, Andrew G. Barto;
http://www.cs.huji.ac.il/%7Eshais/UnderstandingMachineLearning/copy.html	Understanding Machine Learning: From Theory to Algorithms;
http://dmkpress.com/catalog/computer/data/978-5-97060-190-7/	Анализ больших наборов данных - перевод Mining Massive Datasets - Jure Leskovec, Anand Rajaraman, Jeff Ullman;
https://www.dropbox.com/s/wkmoxtq0egzcoxc/Flach_P_Machine_Learning_RU.pdf	Машинное обучение — Петер Флах;
https://vk.com/doc190970339_437111950	Построение систем машинного обучения — Л. П. Коэльо, В. Ричарт (2016).
https://www.quora.com/What-are-the-best-online-college-level-mathematics-courses	Перечень лучших курсов по практически любым областям математики;
https://github.com/prakhar1989/awesome-courses	Тонна разнообразных курсов по программированию, алгоритмам, в том числе 14 курсов по ML;
https://www.coursera.org/learn/machine-learning	:small_blue_diamond: Machine Learning от Andrew Ng (Stanford University) – самый популярный курс по машинному обучению (осторожно, вместо стандартных Питона или R – Matlab/Octave);
https://www.coursera.org/specializations/mashinnoye-obucheniye	:small_blue_diamond: Специализация Машинное обучение от МФТИ и Яндекса. У меня по этой специализации есть аккуратный :octocat: репозиторий;
https://www.coursera.org/learn/ml-foundations/home/info	Machine Learning Foundations: A Case Study Approach — очень доходчивый курс, подходит в качестве самого первого курса по ML;
https://www.coursera.org/learn/predictive-analytics/	Practical Predictive Analytics: Models and Methods;
https://www.coursera.org/learn/single-variable-calculus	Calculus: Single Variable Part 1 от University of Pennsylvania;
https://www.coursera.org/learn/calculus1	Calculus One от The Ohio State University;
https://www.coursera.org/learn/modern-combinatorics	Современная комбинаторика от МФТИ, ведёт Райгородский А.М.;
https://www.coursera.org/learn/probability-theory-basics/home/info	Теория вероятностей для начинающих, а также на OpenEdu — курс от МФТИ, ведёт Райгородский А.М.;
https://www.coursera.org/course/linalg	Линейная алгебра от ВШЭ. Курс линейной алгебры для нематематических факультетов, подходит «для быстрого старта»;
https://www.coursera.org/learn/ekonometrika/	Эконометрика (Econometrics) — 10-недельный курс от ВШЭ;
https://www.coursera.org/learn/wharton-customer-analytics	Customer Analytics – курс о практическом применении статистики и анализа данных. Для людей, разочаровавшихся в DS и не понимающих, на кой это всё;
https://www.coursera.org/course/sna	Social Network Analysis от University of Michigan;
https://www.coursera.org/course/networksonline	Social and Economic Networks: Models and Analysis от Stanford University;
https://www.coursera.org/learn/recommender-systems	Introduction to Recommender Systems – восьминедельный курс по рекомендательным системам от университета Миннесоты;
https://www.coursera.org/specializations/machine-learning	Специализация Machine Learning от Washington University.
https://www.udacity.com/course/machine-learning-engineer-nanodegree--nd009	Machine Learning Engineer Nanodegree;
https://www.udacity.com/course/data-analyst-nanodegree--nd002	Data Analyst Nanodegree;
https://www.udacity.com/courses/ud120	Intro to Machine Learning — this will teach you the end-to-end process of investigating data through a machine learning lens;
https://www.udacity.com/courses/ud827	Intro to Descriptive Statistics – подробный курс для новичков;
https://www.edx.org/xseries/data-science-engineering-spark#courses	Data Science and Engineering with Spark;
https://www.edx.org/course/introduction-computational-thinking-data-mitx-6-00-2x-3	Introduction to Computational Thinking and Data Science;
https://www.edx.org/course/introduction-probability-science-mitx-6-041x-1	MITx: 6.041x Introduction to Probability - The Science of Uncertainty;
https://www.edx.org/course/analytics-edge-mitx-15-071x-2	The Analytics Edge;
https://work.caltech.edu/telecourse.html	Learning from Data – введение в машинное обучение (основная теория, алгоритмы и области практического применения);
https://yandexdataschool.ru/edu-process/courses	Видеозаписи лекций Школы Анализа Данных;
https://www.datacamp.com/courses/intro-to-python-for-data-science	Intro to Python for Data Science – основы Python и немного про NumPy;
http://stepic.org	:small_blue_diamond: Курс по статистике на stepic.org — качественное введение в статистику, целиком на русском языке;
https://mva.microsoft.com/en-US/training-courses/data-science-and-machine-learning-essentials-14100	Data Science and Machine Learning Essentials от Microsoft;
http://vision.stanford.edu/teaching/cs231n/	CS231n: Convolutional Neural Networks for Visual Recognition (:octocat: repo on github) — отличный десятинедельный курс по нейросетям и компьютерному зрению.
https://www.reddit.com/r/datacleaning	/r/datacleaning
https://www.reddit.com/r/dataisbeautiful	/r/dataisbeautiful
https://www.reddit.com/r/dataisugly	/r/dataisugly
https://www.reddit.com/r/datasets	/r/datasets
https://www.reddit.com/r/MachineLearning	/r/MachineLearning
https://www.reddit.com/r/probabilitytheory	/r/probabilitytheory
https://www.reddit.com/r/statistics	/r/statistics
https://www.reddit.com/r/pystats	/r/pystats
https://www.reddit.com/r/learnpython	/r/learnpython
